{
  "project_info": {
    "project_number": "95947737831",
    "project_id": "workshareride",
    "storage_bucket": "workshareride.appspot.com"
  },
  "client": [
    {
      "client_info": {
        "mobilesdk_app_id": "1:95947737831:android:b716411a607fa68125f042",
        "android_client_info": {
          "package_name": "com.example.workrideshare"
        }
      },
      "oauth_client": [
        {
          "client_id": "95947737831-u48006ip1s3vfhbffghdv6llq09p312g.apps.googleusercontent.com",
          "client_type": 3
        }
      ],
      "api_key": [
        {
          "current_key": "AIzaSyDlInFLnNMShYU3ONW2EBeYMuFy7tXn2GA"
        }
      ],
      "services": {
        "appinvite_service": {
          "other_platform_oauth_client": [
            {
              "client_id": "95947737831-u48006ip1s3vfhbffghdv6llq09p312g.apps.googleusercontent.com",
              "client_type": 3
            },
            {
              "client_id": "95947737831-abbi02s06dejtv1a6t1v46045nrdu0e5.apps.googleusercontent.com",
              "client_type": 2,
              "ios_info": {
                "bundle_id": "com.websiteoracle.WorkRideShare"
              }
            }
          ]
        }
      }
    }
  ],
  "configuration_version": "1"
}